|R|,Mean,Std,L,N
2450,0.4759723201833064,0.025374104922464242,0.02379861600916532,17.468281957727406
9702,0.6810465592665423,0.05264223269262306,0.03405232796332712,36.723758278086954
22650,0.9015590372501416,0.07468748682954321,0.045077951862507085,42.1831954516313
39800,1.4269374759167173,0.12852275899482005,0.07134687379583586,49.86344926451858
62250,1.5066820789166135,0.11999707255812755,0.07533410394583068,38.987930428248035
90300,1.679900561166687,0.13985727510296167,0.08399502805833436,42.60250145236076
120756,2.8646804936333563,0.2432467959901215,0.14323402468166782,44.31737217299937
162812,3.8941689904666417,0.20757613863306623,0.1947084495233321,17.46454979724552
