Ray Generation,MARF Query,Filter,PSR
2450,9702,22650,39800,62250,90300,120756,162812,201152,249500
0.005039341500087176,0.006081957860114926,0.006323459619998175,0.007050088979922293,0.008646082099767227,0.007372331300066435,0.009092422239773442,0.008829321919947689,0.009195297379847034,0.010837517459840455
0.03877438602004986,0.098790798859809,0.11253935983982956,0.13518217934004498,0.1589772944600918,0.14868362163997517,0.3197136514601152,0.3668601509198925,0.40627243611994346,0.4437062800400963
0.0009595230599006755,0.0009448801800681395,0.0009546857400709996,0.0008865240800150786,0.0010058841401405516,0.0008881147999272799,0.0011481975999413406,0.0012143750200993963,0.0012128300000767921,0.0011710607799250282
0.42450357849993453,0.5701159276200269,0.7764723889398374,1.2620613196799968,1.4009547238797677,1.4863177975400321,2.555216178280134,3.4863066432199776,3.5652189920200907,3.771222465940009
