Ray Generation,MARF Query,Filter,PSR
2450,9702,22650,39800,62250,90300,120756,162812,201152,249500
0.00607137091945685,0.00789772335478882,0.007248861354802953,0.008557064596736323,0.0076484652096745955,0.009680838419450494,0.010186425983779519,0.01206045769351711,0.011951669532091699,0.012420697645182137
0.04238242319367982,0.09098729277411621,0.11462129411299224,0.1304571481613816,0.1289971470482816,0.13162553774177907,0.2971808339194585,0.35209412667753043,0.36438316830645495,0.40509359016123786
0.0009732337094030827,0.0010305739515975038,0.0009353711933022902,0.0009153079839257595,0.0008727707582077146,0.0009275962902979847,0.00087233145155375,0.0009844623548140648,0.0010410620161271636,0.0011013349032451046
0.42169374611292426,0.5270265228387401,0.9000111127261041,0.9935431083707836,1.0581852700645487,1.238860564290389,2.2250817505807476,2.7105014807419785,2.791911676322548,2.8807109902741543
