Ray Generation,MARF Query,PSR
2450,9702,22650,39800,62250,90300,120756,162812,201152,249500
0.005995507420016111,0.005791630739981884,0.00634300244001679,0.0075631415199814,0.007359869100000651,0.006008578499981923,0.008438521780017255,0.011439842819963814,0.011074947819970475,0.012549932100046134
0.04610517800001162,0.09377616582001792,0.11821233403997213,0.13953774590001558,0.18286025616001098,0.14672545065998746,0.3321483838400081,0.38400597026002287,0.4065026618400407,0.4539475426199806
0.6319172204399957,0.641278542999994,0.848445349320018,1.3123567993799816,1.8299917003599786,1.512665522460029,2.585420172519971,3.570541450119972,3.686702007940003,3.86142686195999
