Ray Generation,MARF Query,PSR
2450,9702,22650,39800,62250,90300,120756,162812,201152,249500
0.0055343440160853675,0.0067738995483948876,0.008057887951582092,0.007712314612842507,0.010959573629069411,0.0100349489516849,0.01123330922579161,0.010085265032220406,0.009812518032254781,0.012343319370976984
0.0449313334677446,0.10898198872577004,0.1313323315644964,0.14196225632264442,0.15112775425800903,0.3107946552740941,0.3491222828871404,0.37958992633869665,0.3981963518225154,0.45044466891936136
0.4597941607258074,0.6084281292580946,0.9277956445806658,1.1644196728547902,1.3063806262742277,2.188978032435502,2.7614452531452263,3.0301023173225925,3.1689769303548605,3.345850185645143
