Ray Generation,MARF Query,PSR
2450,9702,22650,39800,62250,90300,120756,162812,201152,249500
0.004842782580923203,0.006922613854898842,0.005505466048317987,0.008250090032297227,0.009672567161267638,0.011076932693486601,0.011216892177065846,0.010379860241946223,0.009830346484264854,0.012252373532617404
0.04116224293571694,0.08761275999976563,0.09412155651602182,0.12371244170976899,0.13879141243512183,0.2814849643066062,0.30652287114524723,0.32999396288699157,0.3696331756449757,0.40370644774151104
0.41547709372565395,0.5144697952419525,0.7271151130325668,0.8648048307255639,1.0645052966937063,1.9353155443548589,2.1910844181290865,2.3708148394194253,2.44268824937095,2.547290400903582
