Ray Generation,MARF Query,PSR
2450,9702,22650,39800,62250,90300,120756,162812,201152,249500
0.00467440704837387,0.005891022274204994,0.007343269806450471,0.008648068790300327,0.009857974629019208,0.010369933451593464,0.011492375499990944,0.011179628774192268,0.010769483370972187,0.012809552580642224
0.04309772567738389,0.09870093395161642,0.11787421485482516,0.13034235354840465,0.13264544883870785,0.13311195903221937,0.3170066981774433,0.3472671940161226,0.37488839606451974,0.40506987503227543
0.46361390617742826,0.568510967145174,0.8131485572903256,1.0200130471290292,1.0950512169515971,1.4112371894194116,2.5079719805645078,2.714367475967742,2.8618546118225883,2.9231856792903126
