Coarse Scan,Ray Generation,MARF Query,PSR
7392,33248,60128,86112,112352,138720,165088,191712,217568,243808
0.014824801859977015,0.011607070340069185,0.015460363340062032,0.01538732851997338,0.015709512919966074,0.01699306862006779,0.0178957301400078,0.01830462328009162,0.01786764400007087,0.017851308679928478
0.0059068111798842434,0.00939673564003897,0.015921394459874137,0.018016113300036524,0.018913497620014822,0.022988820319915247,0.026154619900116815,0.0260201396598859,0.03034077417996741,0.02795364862009592
0.06949429751992284,0.14469070523999109,0.2868619350200243,0.2935385715599477,0.32461592519997795,0.3463607138399311,0.36604382209985487,0.38845238255998993,0.4307190042199363,0.43033601600014665
0.6705221293200885,1.5287348236800973,2.6807805954200377,3.291366153559975,3.575699369920112,3.76133482420013,3.923971144599964,3.9903621165199366,4.088412909720064,4.134879946499787
