Coarse Scan,Ray Generation,MARF Query,PSR
7232,34176,60992,88128,115008,142208,169024,195776,223040,250048
0.0534037238227733,0.027182673757711346,0.025693613645055468,0.035233882531869196,0.034256443677687425,0.0334757612096925,0.02978922885484926,0.054019529580757314,0.05071194008075596,0.05255305946787215
0.007398643773887025,0.012807486597070707,0.01709110795150815,0.023407394725748622,0.028997330048432267,0.03282681225784707,0.03282493430684084,0.04055903716130894,0.040895683419524084,0.04347056840349744
0.04470429858068406,0.11435509008057829,0.1791901948872105,0.26293970554838925,0.2990589503870363,0.31474768429014205,0.3215412614994303,0.36363524369323474,0.37360210409678984,0.397369835983491
0.5382328933710303,1.092152030741941,1.6420272323546434,2.2124907825805313,2.6645524750968055,2.8141205516616714,2.874987035532432,3.060574106290416,3.085759094112819,3.1165965023709203
