Coarse Scan,Ray generation,MARF Query,PSR
7392,33248,60128,86112,112352,138720,165088,191712,217568,243808
0.016087861160049215,0.01081796755997857,0.012305050759987352,0.012652449060060461,0.013584612980048405,0.013662251939895214,0.015568040359939915,0.015445405300088168,0.016365412399791238,0.016397704139963026
0.005276086580015544,0.008209533520057448,0.01068211390007491,0.014669998600020336,0.018072121019904443,0.019955487140141486,0.024723028160078684,0.0252902522000295,0.02546552403997339,0.027062247979993116
0.07088972697998543,0.12750818550000986,0.2493296509999891,0.304295456879936,0.32140259188010534,0.350297241959961,0.3570054087999233,0.37730241681987536,0.404595350600066,0.4301090393400591
0.6222081336200063,1.3406497043599666,1.8138766992599267,2.606749242580063,3.1948903885399704,3.4542868935400475,3.7347261305800203,3.793277639939952,3.8845578182600367,3.97403636930012
