Coarse Scan,Ray Generation,MARF Query,PSR
7232,34176,60992,88128,115008,142208,169024,195776,223040,250048
0.05318123888724996,0.029507058854799272,0.029019629435512593,0.040445354580785325,0.03975523016141515,0.03670749696782643,0.03367772837097413,0.033688867209651016,0.03129746998409598,0.030738493258057484
0.005960253112877375,0.013867601354832004,0.019279435419365096,0.02900956106444233,0.036067609161276076,0.03524488593546032,0.03983864483882738,0.04373513238715532,0.047740316306302585,0.04971589298392862
0.04310393664514601,0.1196895146935452,0.19637041330656024,0.28476843298393495,0.31571761098389434,0.3452162272096757,0.36865068159667935,0.3863681839032823,0.4059168576289472,0.43081489854833516
0.5693498108871755,1.241208251758009,1.817359292677382,2.63955357591922,2.967183559790306,3.125021862145185,3.2750626754999055,3.375765294999984,3.519477455290437,3.549007332532329
