armadillo,bunny,happy_buddha,dragon
100,200,300,400,500,600,700,800,900,1000
0.08497917167812585,0.05151208750269502,0.04707560891793108,0.04285158289874369,0.039965238886569165,0.03772059455433234,0.03981815688883003,0.03617147554674877,0.03468291936821449,0.03444317561073948
0.05312504444222469,0.032526062739453285,0.028557781429372646,0.022711561492329044,0.023764441060869647,0.021519080051445188,0.021353419745621036,0.021486078689259388,0.020354181938705775,0.01940898861333762
0.10117346889207585,0.07481459547645129,0.061030365106528685,0.05985911193090258,0.05895121614740992,0.05167828152027386,0.047541079057402055,0.05043385204084208,0.04966036513861512,0.050731494145098366
0.05781612807719533,0.04662492484299672,0.04016277566903275,0.03741231216676565,0.03726077647197801,0.03597538294195521,0.035686519736775404,0.034207999981645865,0.0336478225152076,0.03348084097084608
