armadillo,bunny,happy_buddha,dragon
50,100,150,200,250,300,350,400,450,500
0.02480551358974544,0.016919095725570855,0.015216133196487631,0.014584692568519624,0.014202355479307384,0.013973222457940446,0.013810240746102261,0.013751579962996925,0.0136953252151897,0.01351388741416858
0.021845760854261355,0.015064851832436185,0.01382305942722082,0.013429376961660935,0.01320488131308809,0.013171526443175529,0.013128527128357062,0.013068187015269373,0.013095120621372084,0.013108517187364017
0.036786297682908975,0.026866021871846706,0.02415387374831049,0.02269077743096595,0.02232279568537619,0.021169177413685448,0.02053045904587613,0.020704805652515968,0.02021642716790026,0.020492267505695425
0.03614597775207146,0.02314386153140252,0.02110403885892833,0.01910215659502355,0.018163629049047548,0.017855436908332176,0.01755651109171867,0.01707729568231406,0.017519767110834694,0.01713545333519203
