armadillo,bunny,happy_buddha,dragon
4
2450,9702,22650,39800,62250,90300,120756,162812,201152,249500
2450,9702,22650,39800,62250,90300,120756,162812,201152,249500
2450,9702,22650,39800,62250,90300,120756,162812,201152,249500
2450,9702,22650,39800,62250,90300,120756,162812,201152,249500
0.0727479330414614,0.03715885378565731,0.026005599166171848,0.02081216462951465,0.017604324369335296,0.01542020949259137,0.013730491738955526,0.012482050897552641,0.011705306492246251,0.011094306468210113
0.06832138240867576,0.03531133086906657,0.02394700185675072,0.01860674711577917,0.01533378144216192,0.013196610244555132,0.011750021267901173,0.010353926143969877,0.009563936443961835,0.008825916472553817
0.07218664918210661,0.03996237292830596,0.028532445726352183,0.022867510606590022,0.019682828121114975,0.017163908503571485,0.015796896259121965,0.014568976494224796,0.013592958188821317,0.01292797509673478
0.07793213076096428,0.04187045855796024,0.029267687686920257,0.023494736103851,0.020046152655078035,0.017606259412314397,0.015932036538659683,0.014491017646849493,0.013667125373058545,0.012924461981199974
