armadillo,bunny,happy_buddha,dragon
50,100,150,200,250,300,350,400,450,500
0.024032528064055196,0.01678577016465504,0.015281829655878479,0.014539903172983882,0.014241508245792154,0.014028316758068352,0.013844696181967701,0.01374920704979783,0.013739740133396745,0.01363304217147452
0.020887788597458518,0.01529937960771461,0.014043972371491926,0.01349924631562658,0.013275281234785158,0.013227739004416823,0.013188120207670274,0.013097590429510897,0.01310926537225354,0.013124620595547302
0.03567470145769647,0.027348536694745712,0.02451249111963526,0.023049987637854333,0.022418016276096724,0.021998511927401793,0.021295852254721442,0.021116572665201457,0.020554035737270673,0.020574733211120293
0.03404862947589124,0.02327737648235217,0.020485215286850548,0.019135145329047212,0.018212054899710207,0.017732989937162748,0.017323171619230637,0.017086902100898138,0.016937905882696787,0.016853002646222838
