armadillo,bunny,happy_buddha,dragon
4
2450,9702,22650,39800,62250,90300,120756,162812,201152,249500
2450,9702,22650,39800,62250,90300,120756,162812,201152,249500
2450,9702,22650,39800,62250,90300,120756,162812,201152,249500
2450,9702,22650,39800,62250,90300,120756,162812,201152,249500
0.029624196097005544,0.019404252105270817,0.02029160267252631,0.02564395401601715,0.023382438975270373,0.022340732649212734,0.029166270563757656,0.02793250082852057,0.03070423925243556,0.035924953477229606
0.02123305334363169,0.01707419387938304,0.01628463742464819,0.01600765469851205,0.01444872290966166,0.015304750785902342,0.016138977648220823,0.016268694377993425,0.017428469621109176,0.018356895916074055
0.036441853819534076,0.03028267684517253,0.030884914898624743,0.02905704185400564,0.02676625489993452,0.027201072442458687,0.027637985315581703,0.02970200103777991,0.033585486856192545,0.0342578856375778
0.038638391677440424,0.030773846291960498,0.02819506554249866,0.0246975079849894,0.02367690990176262,0.024632997993886484,0.02714189745449632,0.02761399384888709,0.03149384433625807,0.031180064072690406
