armadillo,bunny,happy_buddha,dragon
0.016804620470079433,0.015065983867803084,0.020307037911827176,0.02003736933864527
