armadillo,bunny,happy_buddha,dragon
4
2450,9702,22650,39800,62250,90300,120756,162812,201152,249500
2450,9702,22650,39800,62250,90300,120756,162812,201152,249500
2450,9702,22650,39800,62250,90300,120756,162812,201152,249500
2450,9702,22650,39800,62250,90300,120756,162812,201152,249500
0.02399251554867228,0.01677713458502926,0.015282147094944108,0.014558715243874556,0.014234535016492383,0.014007847535006158,0.013849112664719162,0.013704367885870771,0.013713498074815145,0.01360566746639182
0.020892827718609074,0.015241206814399997,0.013997909037863705,0.013518231236997094,0.013273662976421779,0.013165362501389017,0.013185685254449086,0.013117033474034933,0.013113889184378138,0.013106645709198464
0.03555282964131338,0.027351278760692165,0.02444285646672653,0.023079620892187427,0.02238301243366935,0.022003429683779302,0.021169065568008932,0.020999074725023777,0.0206864461665889,0.020568894079603044
0.034011266668530916,0.023337787739937887,0.020502597308844295,0.019109138709092845,0.018193323779680887,0.01772841974259764,0.01729835075126375,0.017057650080667886,0.016896580907122226,0.01681701698405062
