armadillo,bunny,happy_buddha,dragon
4
2450,9702,22650,39800,62250,90300,120756,162812,201152,249500
2450,9702,22650,39800,62250,90300,120756,162812,201152,249500
2450,9702,22650,39800,62250,90300,120756,162812,201152,249500
2450,9702,22650,39800,62250,90300,120756,162812,201152,249500
0.0738557707430606,0.03679230597083823,0.026030352222339945,0.020838064168871857,0.01754183766035192,0.015310811651473374,0.013769746960541559,0.012500962865062873,0.011702546851111287,0.011034917943512877
0.06996148712731647,0.03577042149943746,0.024155115638242783,0.018586451118198535,0.015428230581156352,0.013162036913124838,0.011715597703706712,0.010368502743544259,0.009568520944133064,0.00884427567311521
0.07015006795417868,0.03964424052171431,0.028573767660753514,0.022896047139269224,0.01958645853596706,0.01715695088187614,0.01575706553983663,0.014538596126355191,0.013532162742166488,0.012755782020959634
0.07768652097392215,0.04149900011988773,0.029382079891501444,0.023570974077113616,0.0200129445173112,0.017612676771066135,0.015967678747943925,0.01458014893490387,0.01369370912201221,0.012902433477758615
