armadillo,bunny,happy_buddha,dragon
4
16832,29376,42688,55232,68032,81088,93120,107456,118976,132032
16832,29376,42688,55232,68032,81088,93120,107456,118976,132032
16832,29376,42688,55232,68032,81088,93120,107456,118976,132032
16832,29376,42688,55232,68032,81088,93120,107456,118976,132032
0.015764680074603667,0.01507983386862838,0.014426912699285697,0.014340158581292959,0.014172876579918347,0.014072513155349315,0.013891094522995494,0.013896282101635635,0.013926145017798878,0.0137289539101903
0.014311906268316923,0.013684319990663382,0.013373468838132414,0.013362414395025769,0.013245785252634975,0.013210342772238058,0.0131846888328741,0.013200291341767643,0.013144836031071793,0.013149464765987814
0.026097978826166733,0.02363970426505595,0.02280620628064175,0.022520396389210204,0.021686347685866657,0.021530529161225023,0.021276870027397365,0.020837620994938723,0.021056674329680156,0.020563389260226956
0.021250914954169517,0.02006741932713045,0.019075782425424716,0.018663161037163756,0.018026728910458627,0.018159902519877025,0.017806616793309412,0.01727605008216411,0.01756147290228388,0.017213685092003383
