armadillo,bunny,happy_buddha,dragon
4
13792,26336,39648,52192,64992,78048,90080,104416,115936,128992
13792,26336,39648,52192,64992,78048,90080,104416,115936,128992
13792,26336,39648,52192,64992,78048,90080,104416,115936,128992
13792,26336,39648,52192,64992,78048,90080,104416,115936,128992
0.01787835278475148,0.01593813616717596,0.015426748024344307,0.015082747476719584,0.01489747538076461,0.014822928929832745,0.01465405759129882,0.014454218259334047,0.014430587388814812,0.014462828941071858
0.015919977323109083,0.014115994500827228,0.013863376238964772,0.01383198830590017,0.013559710517267546,0.013574581050800207,0.013604198051190907,0.013439939820939308,0.013415949353052861,0.013512881769056526
0.025731421847465616,0.02517729106809003,0.02396233477960089,0.024015689793560863,0.022842549653043654,0.022437947464716425,0.021432214928362114,0.021395107665162744,0.02116617345967799,0.020722266865749586
0.022873121720155813,0.02014710085640352,0.019770526748298337,0.019119968532640953,0.0189466494981943,0.019212429138689646,0.018989597137797645,0.01896245695151347,0.018740772406663747,0.0188719647520008
