armadillo,bunny,happy_buddha,dragon
4
2450.0,9702.0,22650.0,39800.0,62250.0,90300.0,120756.0,162812.0,201152.0,249500.0
2450.0,9702.0,22650.0,39800.0,62250.0,90300.0,120756.0,162812.0,201152.0,249500.0
2450.0,9702.0,22650.0,39800.0,62250.0,90300.0,120756.0,162812.0,201152.0,249500.0
2450.0,9702.0,22650.0,39800.0,62250.0,90300.0,120756.0,162812.0,201152.0,249500.0
0.023958503036965693,0.016824737644220163,0.015294395719049964,0.014519615318635253,0.01423029006084129,0.013987542765949736,0.013913151218574608,0.013738020934073152,0.013722485449829767,0.013618557266801478
0.02089651283496808,0.01520937928994674,0.014008428196543056,0.013548739549747182,0.01325403782482442,0.01313902317876326,0.013188935701679264,0.013165255601904388,0.013145863636499173,0.013114357427173656
0.03574380520669787,0.027229826213493784,0.024617757802413882,0.023089711429773358,0.02238604225104714,0.021950431694732875,0.021328572098980734,0.02109863022429987,0.020650731200180288,0.0206485378828709
0.03413470302028672,0.023249248027950357,0.020618239790787946,0.01915300962252105,0.018192844709756538,0.017680806079903362,0.01730042124709207,0.01702918635654646,0.01689972782239818,0.016844279532107976
