armadillo,bunny,happy_buddha,dragon
50,100,150,200,250,300,350,400,450,500
0.023092870809967383,0.016805526358331442,0.01512456790868389,0.01446745821521931,0.014169168146620413,0.014020346848402006,0.013915337081581216,0.013729570482940757,0.013731326083618925,0.01357389345886435
0.021127690948265925,0.015080707055700497,0.013993506728369194,0.01344082841624911,0.0132091872611387,0.013151604689636146,0.013153490255513114,0.013090502990306624,0.013088624017117252,0.013082645114273806
0.03402622379042224,0.026077379740579314,0.024066691691936037,0.02313814319187669,0.022147621125641823,0.021154713574835345,0.02050688291697727,0.02059028995598433,0.0205135564727227,0.02029473334207812
0.03444305779434379,0.02346413624384118,0.020552865852552983,0.01915236869790873,0.018463707337262443,0.01769181821502741,0.01760899519452999,0.01711542552435468,0.017116336205766983,0.016954503536481442
