armadillo,bunny,happy_buddha,dragon
4
16832,29376,42688,55232,68032,81088,93120,107456,118976,132032
16832,29376,42688,55232,68032,81088,93120,107456,118976,132032
16832,29376,42688,55232,68032,81088,93120,107456,118976,132032
16832,29376,42688,55232,68032,81088,93120,107456,118976,132032
0.015870659091597048,0.015100801092613223,0.014577133945363996,0.014285809158855235,0.014211503289408515,0.014031765925066119,0.013885710229507147,0.01393100390830445,0.013876652793163333,0.013702017423510668
0.01436897494858647,0.013593243247978917,0.0134073239624333,0.013296750056856163,0.013237048356734834,0.013193051915592557,0.013181385731780921,0.013183249974439879,0.013141812830272543,0.013143224863233667
0.026110371922013473,0.024194254694956115,0.02292139629647668,0.022217651915915685,0.021462406126004696,0.02179628478995528,0.020962481042858666,0.02098520128011846,0.020807881651981865,0.02056949629405011
0.021395254680161124,0.019859319363992014,0.019439997050468394,0.018508016130334492,0.018369414457327978,0.017656972690800875,0.017835734764046297,0.0173941414635738,0.017391534081031442,0.017118873058029355
