armadillo,bunny,happy_buddha,dragon
100,200,300,400,500,600,700,800,900,1000
0.024052733925742045,0.016693988408836905,0.01523826913842257,0.014730117352289442,0.014226596835694553,0.014016077022918627,0.013865532804321647,0.01375083979273943,0.013680252719519278,0.013571802562502738
0.02128615044707466,0.014982313084521925,0.013913299623578453,0.013450228376940012,0.013221892074777988,0.013180786551254021,0.013176577699088825,0.01314682725234747,0.013072183647176253,0.013089784154138865
0.03396105747727303,0.026850522898623816,0.024218962103510787,0.02357155494278721,0.022300220336633068,0.020847893257489522,0.020796807297786532,0.020583909993541365,0.02035493962135597,0.02031140081114923
0.03375619812207349,0.022993291147450995,0.02041606110608095,0.018919046050348845,0.01800151125650331,0.017668701416184106,0.01730312957819026,0.01729263138573739,0.016946417278864968,0.01683738701685431
