armadillo,bunny,happy_buddha,dragon
50,100,150,200,250,300,350,400,450,500
0.024006632577210654,0.016805324941207057,0.015278311741262209,0.014562589074323767,0.0142205895600955,0.014040758680600077,0.013848436474978945,0.013729611842399394,0.013705192348549137,0.013566549186550508
0.02095700215451786,0.015279674980782273,0.014021168648728915,0.01352756934639377,0.013245219862950552,0.013177162619262427,0.013191189570292843,0.013120671370488727,0.013103394472636573,0.013134648344196614
0.03563017487890749,0.027226968545523145,0.024491736607919028,0.023161423428869947,0.022530534488871684,0.0219487069332556,0.02124054657596451,0.021062279612426373,0.020536300033027866,0.020648521694162043
0.03407738908830418,0.02328745606006032,0.020472119052436608,0.01916540647438178,0.0182141055381176,0.017741767788424623,0.017388887964350418,0.01703103032744145,0.016967229196628124,0.016828021571316666
