armadillo,bunny,happy_buddha,dragon
50,100,150,200,250,300,350,400,450,500
0.01624982254904074,0.01584023422085591,0.015226087773127249,0.01499388774366389,0.014640290267243939,0.01470786626672933,0.014308709557146861,0.014249060631371342,0.014501261598552546,0.01481351971604821
0.01469811620496998,0.014209369374969954,0.013889997977822827,0.013765414601924025,0.013495464178883986,0.01341205512058059,0.013532770209497473,0.013401288083630166,0.013371323671995856,0.013612368673715399
0.026213508610194277,0.025031763723716377,0.02399067278948589,0.02318161567090752,0.022245958798682634,0.021656385123277354,0.02111221223007147,0.02082353648815388,0.020479110906836843,0.020267579037297888
0.02207408847570401,0.02029270441585305,0.019826303529638496,0.018735787099765422,0.018506497065419184,0.01866139174896949,0.01899926435011992,0.01821669253411688,0.018496264446507826,0.018448437565933375
