armadillo,bunny,happy_buddha,dragon
100,200,300,400,500,600,700,800,900,1000
0.21951270425072003,0.18857660266549334,0.14531589934447095,0.1271057453621704,0.10624885970695404,0.10356281267617544,0.09482474887936247,0.07328874229704731,0.1560753587570067,0.11792951491615278
0.19840635073372748,0.07273843068284472,0.12446646233374313,0.09008011922495988,0.07941334735215147,0.09435129113772693,0.08443555222228853,0.08215560941057667,0.08363089958965897,0.08469116674007289
0.24919602240640598,0.16842861340387189,0.1658711826421455,0.1336043316835189,0.138534860856074,0.13438937783278582,0.1346233202292031,0.12435029257392206,0.12112829339922351,0.10956606443511192
0.18004826107561683,0.1249841424685577,0.11361734584156559,0.11851615269418408,0.10849465391522961,0.11954995994043631,0.12429415705362322,0.10756323299883314,0.11273095359610684,0.11778684217294434
