armadillo,bunny,happy_buddha,dragon
50,100,150,200,250,300,350,400,450,500
0.024076132148191355,0.01680498368898654,0.015330747654888765,0.014589800535162362,0.014235154430085564,0.014077877386131685,0.01384675848198149,0.013742231571624741,0.013720220124253,0.013626865456774991
0.020940711345990865,0.01524005086232403,0.013995117307398663,0.013517485754928778,0.013257883704796893,0.013156292482984666,0.013198025539694711,0.01315528432411098,0.013099281235484445,0.013084152354446713
0.03573585921462986,0.027320830314614013,0.02444425508435401,0.022979088312133626,0.022413597849929464,0.022024022246735345,0.02129875295346242,0.021020809021716186,0.020557205898113218,0.020641031280150064
0.034230501909472466,0.023290983399077862,0.020596585533034936,0.01920342116248905,0.018213878394912453,0.017783015552756833,0.01735766750157965,0.017012364614210154,0.016819617263602135,0.01685604221317367
