armadillo,bunny,happy_buddha,dragon
50,100,150,200,250,300,350,400,450,500
0.17288679805005028,0.09110466321251477,0.05347096589326722,0.050302797483827134,0.03802885616745377,0.045904908734343164,0.042780447862223854,0.03615203987734914,0.0461731149737622,0.04759868420325201
0.08202840171198754,0.07510538548051306,0.07661533210893577,0.08357192984002924,0.07945611795976282,0.0816112492645324,0.08172412888270501,0.08360037991946116,0.08263400036458508,0.08239351640460113
0.1722368081026047,0.14013061194602777,0.13638593728535886,0.12395400872253352,0.12984217055140612,0.11812454540571977,0.10198107880555889,0.11098337759429483,0.10539451483462806,0.09969495366425613
0.2770835835666332,0.13926966484908312,0.1337097875562099,0.12269892741553898,0.12030953757747512,0.12059865265025177,0.12722879735786882,0.11057612868121397,0.11256950457330636,0.10906176883156986
