armadillo,bunny,happy_buddha,dragon
100,200,300,400,500,600,700,800,900,1000
0.23558790539771404,0.07055598146116818,0.06270093591498761,0.05275893893441272,0.03793848347974452,0.04754855383113493,0.04735954734140229,0.03790546926109397,0.05538099661421033,0.045094409580816355
0.07319202812883184,0.073616711532626,0.07872645734593556,0.07984374740266295,0.08109774081022927,0.07959197394221129,0.0842485329304344,0.08387108666113514,0.08387375121225914,0.08292124965103993
0.18052297797978034,0.16812523401438897,0.1388235943946553,0.1280346457282247,0.1246815737128989,0.12225435818652863,0.11010626101082618,0.0995371755659789,0.10659867610274466,0.0959604050047024
0.2710144934913923,0.13087265728621114,0.1341840769994816,0.11952972528941914,0.11951800507740397,0.12277420556473106,0.1169184720216725,0.10875298608028831,0.11215500249824632,0.11227340297740161
