armadillo,bunny,happy_buddha,dragon
50,100,150,200,250,300,350,400,450,500
0.024963251667626873,0.01668495836559398,0.015146682987315255,0.014470127518401195,0.014185175025067255,0.01392604914502727,0.01381309726963692,0.013822267779037918,0.013717951384711222,0.013682924681554607
0.02129936711367684,0.015017167301223336,0.01388489972861625,0.013433462152621839,0.01317451862950839,0.013146684344994476,0.01319987312563756,0.013109496797250517,0.013127942934811903,0.013085457795484794
0.034129006898871966,0.026995768840511657,0.024472854852536023,0.023002924688036126,0.02214333194194955,0.021000318534535056,0.021065293150799674,0.0207922647621328,0.020417285408641097,0.02010094777505536
0.03426359534637501,0.02337790946211637,0.020867435526441158,0.0190430078259335,0.018330149136682183,0.017616982120726328,0.017170611245675593,0.01731195516564952,0.016924405827564055,0.01706535619069229
