armadillo,bunny,happy_buddha,dragon
50,100,150,200,250,300,350,400,450,500
0.02539118402349132,0.018331931008380944,0.016000711663930432,0.015335973874151572,0.014911815166286074,0.01464469404146378,0.014515533905336692,0.014502040717796105,0.014676436441788662,0.014415597817576706
0.023042517134177133,0.015328744097869915,0.014199270320478139,0.013788997916212747,0.013496291867306345,0.013375368325133852,0.01331651615980466,0.01319693597927006,0.013276617482316101,0.013336614669139588
0.03437065973395695,0.02740805535705383,0.02482751486991029,0.022724423086887678,0.021994558374510795,0.021411431093105802,0.020774220529650233,0.020867078754093868,0.02093653757165921,0.02061060793603857
0.0326971483560852,0.022213413338308508,0.020516478953017413,0.019181057168546286,0.01861279074439507,0.01880291264566103,0.018580899859731045,0.018191020416063935,0.01809994194329021,0.01831301579893698
