armadillo,bunny,happy_buddha,dragon
4
2450,9702,22650,39800,62250,90300,120756,162812,201152,249500
2450,9702,22650,39800,62250,90300,120756,162812,201152,249500
2450,9702,22650,39800,62250,90300,120756,162812,201152,249500
2450,9702,22650,39800,62250,90300,120756,162812,201152,249500
0.024095566337284227,0.016864945835801965,0.01533747980073457,0.014569363957108662,0.014233369760067102,0.014007167853689734,0.013817526064525566,0.013749246723249663,0.01373094991617325,0.013625431699311335
0.020975627368121433,0.015302790381802479,0.014033071555124402,0.013541939694967689,0.013292789150662187,0.01314346582905003,0.013150448252997491,0.013167110378095925,0.013101962228606448,0.013122084352993611
0.03575110022241994,0.027399172826909693,0.024572548136947408,0.02299140677220047,0.022315999572016746,0.022038869835965653,0.021300018984145734,0.021014930873110908,0.020520320173245413,0.020672828430302805
0.03419036270113062,0.02323091224099217,0.020641179759323298,0.019203562751264343,0.01823236515375564,0.01770766494831101,0.017286385214163293,0.01701517058601432,0.016940067954818422,0.016828276811883685
