armadillo,bunny,happy_buddha,dragon
100,200,300,400,500,600,700,800,900,1000
0.2777551020408163,0.4444535878867676,0.488605577689243,0.5146508875739645,0.5212982998454405,0.5301024258760108,0.5321331753323701,0.5351320932821823,0.5379711397726938,0.5395872196864457
0.3504081632653061,0.5543943383805134,0.6270119521912351,0.6488284023668639,0.6617619783616693,0.6686792452830189,0.6737090726101002,0.6759690672991976,0.6776701604109979,0.678086922008335
0.2893877551020408,0.4676596445029625,0.5165737051792829,0.5435502958579882,0.5454868624420401,0.5539622641509434,0.5593964579647095,0.5554815989156612,0.5609620730641153,0.5616789045445525
0.3253061224489796,0.5117676102699145,0.5719920318725099,0.5926390532544379,0.6049922720247295,0.6108787061994609,0.616788143434573,0.6204995703791555,0.6221746348267698,0.6213177217701925
