Bunny,Buddha,Armadillo,Dragon,Lucy
100,200,300,400,500,600,700,800,900,1000
0.33285714285714285,0.5414746543778802,0.6154980079681275,0.6363313609467456,0.6499227202472952,0.6572614555256064,0.6619158157881921,0.6646718543887887,0.6668303847702871,0.667545147846795
0.44346938775510203,0.6988973008558262,0.788605577689243,0.8209467455621302,0.8355795981452859,0.8444312668463612,0.8513708747950587,0.8545884716389732,0.8592548206795612,0.8615399880928756
0.3093877551020408,0.4916063199473338,0.5426294820717131,0.5690177514792899,0.5798299845440494,0.5914609164420486,0.592316932616918,0.5956118163885225,0.5979067003271088,0.6007025203413375
0.39877551020408164,0.6356155365371955,0.7165338645418327,0.745112426035503,0.7659659969088098,0.7718921832884097,0.7775595344382579,0.7807239413779332,0.783116079409829,0.7849533637626513
0.24387755102040817,0.38981237656352863,0.43083665338645416,0.4499644970414201,0.4596908809891808,0.46681401617250673,0.4731587747349967,0.47652817949679904,0.4795728922112749,0.47838460011907125
