Bunny,Buddha,Armadillo,Dragon,Lucy
100,200,300,400,500,600,700,800,900,1000
0.33877551020408164,0.5433673469387755,0.6076494023904383,0.6376568047337278,0.6485935085007728,0.6601725067385444,0.664147849942373,0.6646658033909791,0.6696103181697626,0.6699226036912086
0.43387755102040815,0.6911619486504279,0.7840239043824702,0.8193609467455621,0.8346676970633694,0.846544474393531,0.8508189536223886,0.8550665004659268,0.8588324279722203,0.8600674737051002
0.30918367346938774,0.48889071757735353,0.5490438247011952,0.5688994082840236,0.5761669242658424,0.5887008086253369,0.5948330438452673,0.5965860270358582,0.5976218308268092,0.5985512998610836
0.393265306122449,0.6321593153390388,0.7157370517928286,0.7449704142011835,0.7634003091190108,0.7703180592991914,0.7759768193107478,0.7814198061260302,0.7837496684708402,0.784786664020639
0.24857142857142858,0.3903061224489796,0.4341035856573705,0.4530887573964497,0.45700154559505407,0.4669541778975741,0.4750174504488418,0.4777867870411831,0.4772595554071178,0.48034530660845404
