armadillo,bunny,happy_buddha,dragon
50,100,150,200,250,300,350,400,450,500
0.3133514986376022,0.3111856141420299,0.3226833384473765,0.32407107491555226,0.3222225606042149,0.3232325387849171,0.32314097505194156,0.32290024904652476,0.3236041725732498,0.32303239733989136
0.40599455040871935,0.41877476379152695,0.42750843817121814,0.4274443570403961,0.42847789012059934,0.42682614540876207,0.4322987968883377,0.4323062670693119,0.43199526821590234,0.429586987292525
0.3237397820163488,0.31758610179823227,0.3113685179502915,0.3212715746610522,0.31929894018759897,0.31881521947888436,0.3168194044033565,0.3129564349050134,0.31457565477528915,0.31345632250258976
0.37670299727520434,0.40406888143858577,0.4000460263884627,0.39285549025959005,0.39720124253867706,0.39642773308294743,0.40090837346389857,0.3996956098030487,0.39809555466481567,0.39913095737025645
