armadillo,bunny,happy_buddha,dragon
50,100,150,200,250,300,350,400,450,500
0.13215258855585832,0.24215178299298995,0.28474992328935256,0.3031326639211513,0.3076805944694847,0.31270139348285353,0.31575641417964534,0.31969392543041736,0.31829558008349057,0.3203873130846664
0.17881471389645776,0.32208168241389823,0.3754986192083461,0.3968349451668132,0.40741868680716287,0.4152493544738695,0.4220071188133164,0.42316854554423283,0.4243354482974376,0.4256845984137402
0.1362397820163488,0.23826577263029564,0.26994476833384473,0.2939475267225024,0.2979504202704349,0.3052538358122959,0.3092254666688141,0.3076927704320416,0.3102886974884394,0.3115585042028768
0.16774523160762944,0.29427003962206644,0.35290733353789505,0.36837721530701956,0.3774515775368498,0.38720897974861823,0.38928795760923834,0.3920497611800233,0.3924350112917575,0.39374589794482096
