armadillo,bunny,happy_buddha,dragon
100,200,300,400,500,600,700,800,900,1000
0.16510204081632654,0.25699473337722184,0.29677290836653386,0.30859171597633134,0.31454404945904174,0.3180700808625337,0.31704624774767465,0.3210235867894616,0.32317953654679227,0.323119666600516
0.21775510204081633,0.35697827518104014,0.3997211155378486,0.4184378698224852,0.4231839258114374,0.43118059299191375,0.4302631365355583,0.43288838329440527,0.4351627194231884,0.43545147846795
0.16795918367346938,0.250493745885451,0.28191235059760955,0.2989112426035503,0.30520865533230296,0.3114716981132076,0.3112835413859715,0.31172925415401,0.3112837791377295,0.31370906925977377
0.20714285714285716,0.32760039499670834,0.36370517928286855,0.38149112426035503,0.3864760432766615,0.39380053908355794,0.39739136081035015,0.3978046979946993,0.39985854755847194,0.4003453066084541
