armadillo,bunny,happy_buddha,dragon
4
2450,9702,22650,39800,62250,90300,120756,162812,201152,249500
2450,9702,22650,39800,62250,90300,120756,162812,201152,249500
2450,9702,22650,39800,62250,90300,120756,162812,201152,249500
2450,9702,22650,39800,62250,90300,120756,162812,201152,249500
0.4682898932000171,0.5736432311998214,0.8043172417999813,1.096449781999945,1.2583883653996963,1.3672351404002256,1.3811431465999704,2.025087674600036,3.116582331399877,3.3620712782001645
0.49392817499992814,0.6511474164000901,0.7817292020003151,0.9519806039999821,1.4491629309999552,1.5757392314002572,1.67504569240009,1.8180172909998873,2.4018652807997567,3.984115206599745
0.4854781872001695,0.5991343961999519,0.8291623301998697,0.9693946123999921,1.0449838099999398,1.3124431276000905,1.8614023475998693,2.560000326199952,2.945247902399933,3.040535788000125
0.475517829599994,0.6714568884000982,0.8020510204001766,1.1338204155998028,1.421758358799707,1.4484959723997235,1.7650587996000469,2.753656384799797,3.315375634800148,3.3099934042002133
