armadillo,bunny,happy_buddha,dragon
4
2450,9702,22650,39800,62250,90300,120756,162812,201152,249500
2450,9702,22650,39800,62250,90300,120756,162812,201152,249500
2450,9702,22650,39800,62250,90300,120756,162812,201152,249500
2450,9702,22650,39800,62250,90300,120756,162812,201152,249500
0.012501503799830971,0.047033902400289665,0.12220808119982393,0.2100053962001766,0.35917587479998475,0.6099329504000707,0.9164090108000892,1.4485094146000848,2.083150791600019,2.918007723200026
0.022065507999832333,0.07352740440001071,0.18746063319958922,0.3022788270000092,0.5012782734000212,1.1371914440000181,2.0078440436000164,3.2209439150003165,4.543385978600054,6.205098679200091
0.05385382699987531,0.051284555200254545,0.11269028940005228,0.19148991540005228,0.33059593259968095,0.4995524673999171,0.7139041803999134,1.0614467315999718,1.4235973513996214,2.0982808490000027
0.013986227399982454,0.059224085999994715,0.15664864820009824,0.2637602803997652,0.4182575569999244,0.6531002072000774,0.9733855183998458,1.5415084529999148,2.3281401418000316,3.1973672010000884
