armadillo,bunny,happy_buddha,dragon
4
2450.0,9702.0,22650.0,39800.0,62250.0,90300.0,120756.0,162812.0,201152.0,249500.0
2450.0,9702.0,22650.0,39800.0,62250.0,90300.0,120756.0,162812.0,201152.0,249500.0
2450.0,9702.0,22650.0,39800.0,62250.0,90300.0,120756.0,162812.0,201152.0,249500.0
2450.0,9702.0,22650.0,39800.0,62250.0,90300.0,120756.0,162812.0,201152.0,249500.0
0.44373247240000635,0.6290703086000576,0.9516381363999245,1.2103673363997587,1.3412285474003511,1.7499146908001422,2.759142594200057,3.159365537799931,3.169554257600248,3.2561261570002897
0.46273885180016805,0.6781468638000661,0.9051786509997328,1.383601672599798,1.5219076783998389,1.6766704071998901,2.7836511319997954,3.8476502348001302,3.887988027999927,4.184055027600152
0.4598838006000733,0.6427217562000805,0.8291312826000649,0.9643361745998845,1.196894741199867,1.994145493999713,2.6191034457999196,2.846610364200205,2.8436026748000587,2.920633597400047
0.4474043390000588,0.6457045709999875,0.9878652139999758,1.2208950632002598,1.3337338858002112,2.2666337386001034,2.8647894498000825,3.0317090893999192,3.377781784800027,3.478884246399866
