Bunny,Buddha,Armadillo,Dragon,Lucy
0.5147110405992862,0.4753192236006726,1.5236301662000187
0.5196920485996088,0.3001484659995185,1.8880706482006644
0.5135403164003947,0.2821547603998624,1.3840841459998046
0.5148571604000608,0.28154964619970996,2.039558467399911
0.5144618567999715,0.2193414789999224,1.1538004228001228
