armadillo,bunny,happy_buddha,dragon
4
16832.0,29376.0,42688.0,55232.0,68032.0,81088.0,93120.0,107456.0,118976.0,132032.0
16832.0,29376.0,42688.0,55232.0,68032.0,81088.0,93120.0,107456.0,118976.0,132032.0
16832.0,29376.0,42688.0,55232.0,68032.0,81088.0,93120.0,107456.0,118976.0,132032.0
16832.0,29376.0,42688.0,55232.0,68032.0,81088.0,93120.0,107456.0,118976.0,132032.0
0.7324987724000493,1.1120964420000745,1.175125422399924,1.267648167599964,1.465418569799931,1.70332267900003,1.9875413338000727,2.455080931200064,2.9129976759999407,2.897273598999982
0.860363564599993,1.212686518600003,1.4335650858000917,1.6341896513999927,1.5577048519999153,1.9229874512001515,2.3112289317999966,3.0163127637999425,3.372800133799956,4.636393880600099
1.5101038795999557,0.939569009799925,1.046594219599956,1.2291410012000596,1.4474807736000002,2.024992612400001,2.2214835033999405,2.3928406895999617,2.708738808400085,2.6681514589999096
0.8311684453999988,1.15545165320018,1.3076129954002682,1.3805159355999421,1.7315358093999749,2.1359130213999378,2.553175483599989,2.73797522320001,2.8249360469999374,2.997161678599878
