armadillo,bunny,happy_buddha,dragon
4
16832.0,29376.0,42688.0,55232.0,68032.0,81088.0,93120.0,107456.0,118976.0,132032.0
16832.0,29376.0,42688.0,55232.0,68032.0,81088.0,93120.0,107456.0,118976.0,132032.0
16832.0,29376.0,42688.0,55232.0,68032.0,81088.0,93120.0,107456.0,118976.0,132032.0
16832.0,29376.0,42688.0,55232.0,68032.0,81088.0,93120.0,107456.0,118976.0,132032.0
0.7894499329995597,1.0973654716002783,1.1496305510001548,1.2960496173993306,1.3991508999995859,1.691514210600144,2.0897157549996335,2.5243953643992425,2.5831329087995982,2.781641003399636
0.8509565613996528,1.2185740966000593,1.4439898098000412,1.5569941395995557,1.576217923000513,1.8529232084005343,2.329817584599732,3.0316645098002484,3.4333434279993527,3.5665716374001932
0.7879620103994966,0.9350240187999589,1.0391497350003192,1.1997856075999151,1.4560791803996835,1.9055765654000425,2.411725597600525,2.33153718739959,2.487369949200365,2.6744154601990884
1.0731626979999418,1.1907882126000913,1.2412477325997315,1.4136903210004674,1.6312748662003287,2.097312439599773,2.559718459800206,2.750476062400412,3.016035990599266,3.138630297200143
