armadillo,bunny,happy_buddha,dragon
50,100,150,200,250,300,350,400,450,500
0.45750430500011136,0.6797629627992137,0.9323294218003866,1.1576485337998748,1.3425749261998134,2.2135870368001633,2.656824708000568,3.1301051611997535,3.2672938269995937,3.3752747631995588
0.4862399663994438,0.7250577391998376,1.064094386600118,1.3810031805995095,1.5744230320007773,2.09848761500034,3.350823506800225,3.9152522140000654,4.220368618800057,4.533256196399816
0.5332249348000915,0.617485700999896,0.8559209534007095,1.006621699799871,1.4705177291994915,2.1579773844005103,2.4714069172001474,2.653993344999617,3.1102488077995076,3.3527811160001875
0.504167993199735,0.7168485954000061,1.0331942602002528,1.2259029665994603,1.513373799999681,2.463960872200187,2.971844658199916,3.1088276887996473,3.3163467570000646,3.640582622800139
