armadillo,bunny,happy_buddha,dragon
50,100,150,200,250,300,350,400,450,500
0.4500121493998449,0.6137177197997516,1.0421484767990479,1.195471213599376,1.3633374474004085,1.9140308361995266,2.5513114993998895,3.0730719718005277,3.1820545314010813,3.5284368515996904
0.5016178698009753,0.7170843102001527,1.0094618686001922,1.4442863863994717,1.594753580600809,2.1559068277994813,3.3038447187987914,4.181706272799784,4.256620028401085,4.271999413600861
0.5363516770004935,0.6388615545991343,0.8975240860003396,0.9852696108006057,1.4655084159996477,2.1970840369991493,2.590065304200107,2.8089819535998686,2.781899769800657,3.0583499031999963
0.4845982280014141,0.6628302527999039,0.9768389678007224,1.2589042534003965,1.546411060399987,2.5353307699995637,3.085512034600106,3.3061439504010197,3.72890312419986,3.562199006998708
