armadillo,bunny,happy_buddha,dragon
50,100,150,200,250,300,350,400,450,500
0.601239436999822,0.9217812746002891,1.1876492190000136,1.877680015399892,2.599138204200062,2.9647584081994864,3.110146304000227,3.3715256362000217,3.5038400074001403,3.6631632744003584
0.5807670734000567,0.9075032248001662,1.3373187904006045,1.7109760729999834,2.6545287548000487,3.5436698085995886,3.9626582459997737,4.318924741799856,4.352324041200336,4.4651423455994514
0.8405498695999996,0.8482121609991736,1.332039669599908,1.853595366199079,2.2883168815995303,2.609029062799891,2.844268419200307,3.0297406252000654,3.2012283800002477,3.3205547647998173
0.5306925216002127,0.7950856786002987,1.2217350500002795,1.588920641400182,2.5252602853994177,3.0361488891998305,3.305161336400124,3.5665346354002394,3.582836595000481,3.8317493740003554
