armadillo,bunny,happy_buddha,dragon
50,100,150,200,250,300,350,400,450,500
0.4647752157999093,0.6653813906000323,0.9694433808000212,1.3221223501999702,1.3388025360000029,1.8201421400000073,2.8616048955999758,3.2247877791999597,3.5073567915998867,3.4418595372001617
0.4639224844000637,0.7362992002000283,0.8968887345999065,1.5184348077998948,1.5538608181998825,1.7512479175999034,2.8117235231999076,4.0263485821998986,4.180501176600046,4.384764227399955
0.477729590799845,0.642452855600095,0.8610843822000789,0.9972867812000004,1.2205481807999603,2.794614644000012,2.511815661199944,2.807840910199957,3.1168169802000194,3.196432639199975
0.480217564799932,0.7324879521999719,1.0740853284000877,1.2595458026000415,1.3387136577999628,2.3772126601999846,2.980198289800046,3.2646192383999733,3.40345935560008,3.5435819963999164
