armadillo,bunny,happy_buddha,dragon
50,100,150,200,250,300,350,400,450,500
0.5249238033999972,0.8653232768000407,1.126369066999996,1.4989589900000055,1.6616334745999892,2.4384687314000075,3.6052126199999748,4.195896468800015,4.490106254800002,4.8323808628000275
0.5405063326000346,0.8380016434000026,1.110871752999992,1.6609495074000051,1.852860514000008,2.271419546600009,3.5292954411999746,4.747609373199998,5.198628997200013,5.763720168400027
0.5516469322000376,0.7396551154000462,1.0275023316000442,1.3670845381999925,1.7022934363999866,2.7175603858000157,3.1716926233999856,3.797435575999998,3.9543001439999896,4.487648880800043
0.5236577443999977,0.7788950058000182,1.1837219371999936,1.470004764799978,1.8066889270000046,2.825672388799967,3.641720939800007,4.165872771199974,4.556828727599987,5.040940784399981
