armadillo,bunny,happy_buddha,dragon
50,100,150,200,250,300,350,400,450,500
0.4847890756005654,0.6226794966001762,0.9562636779999594,1.2570071911999547,1.250966633400094,1.6088421680004104,2.7213938093998875,3.2616621068002134,3.1586360934001276,3.3134909646003505
0.48664401459973305,0.7073039531998802,0.8987289800003054,1.4375283824010694,1.55372804380022,1.662415243199939,2.830290524999873,3.841885913199076,4.0322609020004165,4.3359369784011506
0.4799555046003661,0.6257420710004226,0.8280848472008074,1.0240063338002074,1.2171872438004356,2.2572181073992397,2.423851994598954,2.7642598793994693,2.967997718001425,3.17902092160075
0.4786977008006943,0.7506870555989735,0.9468219048001629,1.2041450056007306,1.458992066999781,2.190934891399229,2.908285967199481,3.4245767180000257,3.319700312200439,3.3799118045993963
