armadillo,bunny,happy_buddha,dragon
100,200,300,400,500,600,700,800,900,1000
0.4519558070005587,0.6329408599995077,1.010753152999314,1.1037749600000097,1.3598756129995309,2.2315054579994467,2.803607269999702,3.047156287000689,3.583577385001263,3.319955190001565
0.5009401999996044,0.7049401740005123,1.0261725550008123,1.3607052360002854,1.7990556589993503,2.0015247339997586,3.1460898000004818,4.5405952599994635,4.471016523999424,4.475425014999928
0.5009521909996693,0.7295992180006579,1.0286147400001937,1.3041338930015627,1.2498976179995225,2.188911174000168,2.421013609999136,2.911943678998796,2.7013227970001026,3.1574211549996107
0.47036016799938807,0.6874389229997178,0.9765471770006116,1.3873218259996065,1.5099538900012703,2.618393968001328,3.3501039419988956,3.442375185999481,3.590176084000632,3.540469508001479
