armadillo,bunny,happy_buddha,dragon
4
2450.0,9702.0,22650.0,39800.0,62250.0,90300.0,120756.0,162812.0,201152.0,249500.0
2450.0,9702.0,22650.0,39800.0,62250.0,90300.0,120756.0,162812.0,201152.0,249500.0
2450.0,9702.0,22650.0,39800.0,62250.0,90300.0,120756.0,162812.0,201152.0,249500.0
2450.0,9702.0,22650.0,39800.0,62250.0,90300.0,120756.0,162812.0,201152.0,249500.0
0.4653562161996888,0.6670358921996012,1.1722966597997584,1.3891573594000874,1.674782007199974,2.266583805200207,3.4691338197999357,4.1509163732003795,4.550366450800174,4.826699336199818
0.46989291960017,0.7520791839999219,0.9875731865997295,1.5915597997996884,1.9090315359997476,2.2925888434003356,3.547744389000036,5.047668404999968,5.277019346199995,6.043261296000128
0.47252343159998417,0.6972923569999694,0.943691411799955,1.2280301853999844,1.551492471399979,2.642654327399941,3.22082861960007,3.584547407199716,4.10128614339992,4.379101504999926
0.46790988500015374,0.709270259999721,1.0952382287998261,1.4603814916001283,1.6915381402001004,2.8079550848000507,3.376603689199874,4.0772658144000165,4.392868600800102,5.433061842800089
