armadillo,bunny,happy_buddha,dragon
4
5872.0,13124.0,26072.0,43222.0,65672.0,93722.0,124178.0,166234.0,204574.0,252922.0
5872.0,13124.0,26072.0,43222.0,65672.0,93722.0,124178.0,166234.0,204574.0,252922.0
5872.0,13124.0,26072.0,43222.0,65672.0,93722.0,124178.0,166234.0,204574.0,252922.0
5872.0,13124.0,26072.0,43222.0,65672.0,93722.0,124178.0,166234.0,204574.0,252922.0
0.40580516939971856,0.5686900046001029,0.999550401399756,1.0969781364001392,1.3116192446001151,1.7939621755998814,2.6955944477998854,3.105212046199995,3.4942096700002367,3.3612139721997663
0.4378074346001085,0.6935548149998795,0.9600473615997543,1.3954838165998809,1.5573845372004143,1.9607220628002324,3.3328629208001077,4.0574358578000105,4.056295695400513,4.183126871799868
0.4519145678001223,0.6206348134001018,0.8072884686000179,0.9771690130000934,1.2125515096000528,2.1173565119996054,2.6028741344000084,2.6843652193994787,2.9642537100000483,2.9614939781999055
0.44643970420020196,0.688097910200122,0.9449938291998479,1.207742839400271,1.4910886671999832,2.4106356199999937,2.950268454400066,3.0890955356000633,3.3447581433998494,3.5601012889999764
