armadillo,bunny,happy_buddha,dragon
4
2450,9702,22650,39800,62250,90300,120756,162812,201152,249500
2450,9702,22650,39800,62250,90300,120756,162812,201152,249500
2450,9702,22650,39800,62250,90300,120756,162812,201152,249500
2450,9702,22650,39800,62250,90300,120756,162812,201152,249500
0.48534994280007593,0.6322995170000467,1.2191294121998908,1.379291700199883,1.3075127030000657,1.7118037411998557,2.857073904599929,3.3006410901999517,3.3369248540000624,3.3839354534000448
0.5330287413999031,0.7854852260000371,0.919190322599934,1.439399260800019,1.7361960941998404,1.7249049478001326,2.8367830281999886,3.821168146799846,3.9722586533999675,4.162460650999947
0.495656981600041,0.6814835849999327,0.8912160008000682,1.0492997610000203,1.2743902281998998,2.2374167806000513,2.4844535003999226,2.678206393799974,2.9713901074001114,3.342579707799996
0.529339340199931,0.7167077447999872,1.0754955213999893,1.2677753386000403,1.4781524346000878,2.315134296799988,2.8547921619999217,3.250532733399814,3.3827977277999706,3.422482542800026
