armadillo,bunny,happy_buddha,dragon
50,100,150,200,250,300,350,400,450,500
0.5528003126004478,0.7686637845996301,1.186997203197825,1.4918093448002765,1.708200318201125,2.366465634200722,3.7364521487994353,4.07803043879976,4.590752549401077,4.860667606800416
0.6150896565995936,0.8440579260000959,1.1089033309996013,1.7267132326000136,2.047447015999933,2.3627980391989696,3.5336126531990883,5.015110857399122,5.506650081199768,5.927112327200303
0.6081427184006316,0.7780881469989254,1.0799785095994594,1.503595077800128,1.6172849667986156,2.7019001361994013,3.1653857872006483,3.5237711043999296,4.088743379600055,4.434676304799359
0.5665921314001026,0.7671643428009702,1.1806352705993048,1.542892467200727,1.78492865799999,2.8146505505996173,3.692107737599872,4.1580819769995285,4.546290191201114,5.038306103600917
