armadillo,bunny,happy_buddha,dragon
4
5372.0,12431.0,25015.0,42422.0,65172.0,93421.0,121046.0,166234.0,201880.0,250422.0
5372.0,12431.0,25015.0,42422.0,65172.0,93421.0,121046.0,166234.0,201880.0,250422.0
5422.0,12332.0,26072.0,41422.0,63422.0,93722.0,121742.0,165022.0,200982.0,248422.0
5822.0,12926.0,25166.0,41822.0,63422.0,93722.0,120350.0,163406.0,202778.0,249422.0
0.5007968802001415,0.806927419600106,1.1649886363999031,1.9467103962000691,2.722500026599664,2.9739811877998363,3.323219832799805,3.2684159098003875,3.4265260047999617,3.6877437511997413
0.5757230319999508,0.8579826968003544,1.3062450920000628,1.7123167810001179,2.7136934114001634,3.6819883504000246,4.080723591600145,4.149492900600308,4.536489646000154,4.565162305999911
0.6090527507998559,0.7905501667999488,1.208078645599926,1.753114980400278,2.6316659403999436,2.7507027136000035,2.877260951000062,3.030627631799871,3.1713986434002437,3.339364764199672
0.5760123664002095,0.8193839045999993,1.1703321538001545,1.5469414791998133,2.5433073546002563,2.9918127837998325,3.1302008835997186,3.589043930799744,3.6462871110004924,3.936637687399707
