armadillo,bunny,happy_buddha,dragon
100,200,300,400,500,600,700,800,900,1000
0.5821553589994437,0.9325462610004251,1.4971197929999107,2.490863399999398,3.873879613000099,4.690449446000457,5.393302009999388,5.92981775699991,6.918542737999815,7.775416640000003
0.576312959000461,0.9941275299997869,1.7917593169995598,2.6699844679997113,3.893745157000012,5.129922441999952,6.132768249999572,6.994085784999697,7.989480325999466,8.956466834999446
0.5799881610000739,1.0089694239995879,1.658788567998272,2.32545711199964,3.232908044999931,3.8589836259998265,4.853350605000742,5.687961079998786,6.075994380000338,7.036158713000987
0.5647963789997448,0.9958143910007493,1.522190876001332,2.4392034329994203,3.9569350670008134,4.558910433999699,5.430876829001136,6.066118254000685,6.958868450999944,7.778760637000232
