Linear CPU,Linear GPU
2
2450,9702,22650,39800,62250,90300,120756,162812,201152,249500
2450,9702,22650,39800,62250,90300,120756,162812,201152,249500
0.5791721269678155,1.1954089082419745,2.258311631338749,3.9278305333871453,5.430831399725791,7.192369133516143,10.361350270838587,14.508681056709799,17.28244108304845,20.699835963774074
0.54330055408061,0.7771443324678154,1.0698535775648657,1.7061832166773163,2.0085610872260253,2.371330594354907,3.549573301257741,4.894691682161377,5.334277138758485,5.760171588241945
