Linear CPU,Linear GPU
2
2450,9702,22650,39800,62250,90300,120756,162812,201152,249500
2450,9702,22650,39800,62250,90300,120756,162812,201152,249500
0.5704035609517544,1.1396425697580965,2.4686765354838447,3.6792233199676927,5.09586608087099,7.619231258016014,9.795259199064834,12.920732844113035,15.643186703983671,19.054139011967628
0.5729633897254027,0.7905261852579462,1.1797833979678891,1.5290908159997578,1.8178533367421728,2.888170464242179,3.6337184598870085,4.167046285080365,4.478537518919409,4.9568581772581375
